{"cameraMode":{"drawMode":0,"name":"Shaded","section":"Shading Mode"},"sceneLighting":true,"audioPlay":false,"sceneViewState":{"m_AlwaysRefresh":false,"showFog":true,"showSkybox":true,"showFlares":true,"showImageEffects":true,"showParticleSystems":true,"showVisualEffectGraphs":true,"m_FxEnabled":true},"in2DMode":false,"pivot":{"x":-0.8789160251617432,"y":-10.403072357177735,"z":-9.88240909576416},"rotation":{"x":-0.005520936101675034,"y":0.9754152894020081,"z":-0.2189510464668274,"w":-0.024584073573350908},"size":12.089401245117188,"orthographic":false}