{"cameraMode":{"drawMode":0,"name":"Shaded","section":"Shading Mode"},"sceneLighting":true,"audioPlay":false,"sceneViewState":{"m_AlwaysRefresh":false,"showFog":true,"showSkybox":true,"showFlares":true,"showImageEffects":true,"showParticleSystems":true,"showVisualEffectGraphs":true,"m_FxEnabled":true},"in2DMode":false,"pivot":{"x":1.0436071157455445,"y":4.816736221313477,"z":-3.022718667984009},"rotation":{"x":-0.025530893355607988,"y":0.947562575340271,"z":-0.07835172861814499,"w":-0.30876272916793826},"size":1.5442707538604737,"orthographic":false}