{"cameraMode":{"drawMode":0,"name":"Shaded","section":"Shading Mode"},"sceneLighting":true,"audioPlay":false,"sceneViewState":{"m_AlwaysRefresh":false,"showFog":true,"showSkybox":true,"showFlares":true,"showImageEffects":true,"showParticleSystems":true,"showVisualEffectGraphs":true,"m_FxEnabled":true},"in2DMode":false,"pivot":{"x":2.0862913131713869,"y":3.175924777984619,"z":-3.444826126098633},"rotation":{"x":-0.025530893355607988,"y":0.947562575340271,"z":-0.07835172861814499,"w":-0.30876272916793826},"size":0.9442707896232605,"orthographic":false}